"","Treatment","Location","Col","Row","plot","Block","RIL","DAYS_TILL_BUDDING","GDD_TILL_BUDDING"
"1","LD","SA",2,9,18,1,"Arm",91,1111.52950614213
"2","LD","SA",10,13,284,2,"Arm",91,1111.52950614213
"3","LD","SA",2,8,16,1,"PI",77,960.291455535771
"4","LD","SA",29,19,385,2,"PI",70,884.477299169934
"5","LD","SA",34,8,176,1,"RIL1",91,1111.52950614213
"6","LD","SA",2,14,246,2,"RIL1",91,1111.52950614213
"7","LD","SA",26,8,136,1,"RIL10",91,1111.52950614213
"8","LD","SA",9,14,285,2,"RIL10",91,1111.52950614213
"9","LD","SA",2,7,14,1,"RIL100",84,1038.0575228229
"10","LD","SA",33,15,407,2,"RIL100",84,1038.0575228229
"11","LD","SA",38,9,184,1,"RIL101",91,1111.52950614213
"12","LD","SA",6,17,270,2,"RIL101",84,1038.0575228229
"13","LD","SA",9,6,51,1,"RIL102",84,1038.0575228229
"14","LD","SA",2,13,244,2,"RIL102",84,1038.0575228229
"15","LD","SA",41,7,213,1,"RIL103",77,960.291455535771
"16","LD","SA",14,15,314,2,"RIL103",77,960.291455535771
"17","LD","SA",26,3,126,1,"RIL104",77,960.291455535771
"18","LD","SA",38,20,424,2,"RIL104",77,960.291455535771
"19","LD","SA",9,2,43,1,"RIL105",91,1111.52950614213
"20","LD","SA",2,16,250,2,"RIL105",91,1111.52950614213
"21","LD","SA",13,4,73,1,"RIL107",77,960.291455535771
"22","LD","SA",6,19,266,2,"RIL107",84,1038.0575228229
"23","LD","SA",14,5,72,1,"RIL108",91,1111.52950614213
"24","LD","SA",25,19,375,2,"RIL108",91,1111.52950614213
"25","LD","SA",33,6,171,1,"RIL109",91,1111.52950614213
"26","LD","SA",21,13,357,2,"RIL109",84,1038.0575228229
"27","LD","SA",30,2,158,1,"RIL11",77,960.291455535771
"28","LD","SA",33,18,413,2,"RIL11",77,960.291455535771
"29","LD","SA",9,4,47,1,"RIL110",77,960.291455535771
"30","LD","SA",22,17,350,2,"RIL110",84,1038.0575228229
"31","LD","SA",33,2,163,1,"RIL111",77,960.291455535771
"32","LD","SA",25,21,379,2,"RIL111",77,960.291455535771
"33","LD","SA",30,10,142,1,"RIL112",84,1038.0575228229
"34","LD","SA",42,15,448,2,"RIL112",77,960.291455535771
"35","LD","SA",13,9,63,1,"RIL113",77,960.291455535771
"36","LD","SA",18,20,338,2,"RIL113",77,960.291455535771
"37","LD","SA",30,1,160,1,"RIL114",91,1111.52950614213
"38","LD","SA",17,16,329,2,"RIL114",91,1111.52950614213
"39","LD","SA",2,1,2,1,"RIL115",77,960.291455535771
"40","LD","SA",41,14,445,2,"RIL115",77,960.291455535771
"41","LD","SA",6,8,26,1,"RIL116",77,960.291455535771
"42","LD","SA",37,13,437,2,"RIL116",70,884.477299169934
"43","LD","SA",38,10,182,1,"RIL117",77,960.291455535771
"44","LD","SA",29,18,387,2,"RIL117",77,960.291455535771
"45","LD","SA",21,3,115,1,"RIL118",77,960.291455535771
"46","LD","SA",21,12,359,2,"RIL118",77,960.291455535771
"47","LD","SA",29,1,159,1,"RIL119",77,960.291455535771
"48","LD","SA",22,15,354,2,"RIL119",77,960.291455535771
"49","LD","SA",22,7,108,1,"RIL12",70,884.477299169934
"50","LD","SA",34,16,410,2,"RIL12",70,884.477299169934
"51","LD","SA",10,6,52,1,"RIL120",84,1038.0575228229
"52","LD","SA",5,16,271,2,"RIL120",91,1111.52950614213
"53","LD","SA",46,9,224,1,"RIL121",77,960.291455535771
"54","LD","SA",34,21,420,2,"RIL121",77,960.291455535771
"55","LD","SA",42,2,204,1,"RIL122",77,960.291455535771
"56","LD","SA",29,15,393,2,"RIL122",84,1038.0575228229
"57","LD","SA",6,6,30,1,"RIL123",77,960.291455535771
"58","LD","SA",30,13,398,2,"RIL123",91,1111.52950614213
"59","LD","SA",1,5,9,1,"RIL124",77,960.291455535771
"60","LD","SA",5,18,267,2,"RIL124",84,1038.0575228229
"61","LD","SA",6,4,34,1,"RIL125",77,960.291455535771
"62","LD","SA",30,16,392,2,"RIL125",77,960.291455535771
"63","LD","SA",18,10,100,1,"RIL126",91,1111.52950614213
"64","LD","SA",10,14,286,2,"RIL126",91,1111.52950614213
"65","LD","SA",37,7,187,1,"RIL127",77,960.291455535771
"66","LD","SA",46,12,480,2,"RIL127",77,960.291455535771
"67","LD","SA",13,2,77,1,"RIL128",77,960.291455535771
"68","LD","SA",42,17,452,2,"RIL128",70,884.477299169934
"69","LD","SA",45,1,239,1,"RIL129",70,884.477299169934
"70","LD","SA",2,19,256,2,"RIL129",77,960.291455535771
"71","LD","SA",45,5,231,1,"RIL13",77,960.291455535771
"72","LD","SA",10,20,298,2,"RIL13",84,1038.0575228229
"73","LD","SA",38,8,186,1,"RIL130",77,960.291455535771
"74","LD","SA",14,12,320,2,"RIL130",91,1111.52950614213
"75","LD","SA",22,5,112,1,"RIL131",91,1111.52950614213
"76","LD","SA",34,18,414,2,"RIL131",91,1111.52950614213
"77","LD","SA",46,6,230,1,"RIL132",77,960.291455535771
"78","LD","SA",1,16,249,2,"RIL132",84,1038.0575228229
"79","LD","SA",5,1,39,1,"RIL133",77,960.291455535771
"80","LD","SA",41,21,459,2,"RIL133",77,960.291455535771
"81","LD","SA",41,9,217,1,"RIL134",77,960.291455535771
"82","LD","SA",38,17,430,2,"RIL134",77,960.291455535771
"83","LD","SA",17,4,87,1,"RIL135",77,960.291455535771
"84","LD","SA",37,19,425,2,"RIL135",77,960.291455535771
"85","LD","SA",5,9,23,1,"RIL136",77,960.291455535771
"86","LD","SA",26,14,366,2,"RIL136",77,960.291455535771
"87","LD","SA",41,6,211,1,"RIL137",84,1038.0575228229
"88","LD","SA",13,18,307,2,"RIL137",91,1111.52950614213
"89","LD","SA",2,2,4,1,"RIL138",84,1038.0575228229
"90","LD","SA",1,19,255,2,"RIL138",77,960.291455535771
"91","LD","SA",45,2,237,1,"RIL139",70,884.477299169934
"92","LD","SA",22,20,344,2,"RIL139",77,960.291455535771
"93","LD","SA",37,6,189,1,"RIL14",77,960.291455535771
"94","LD","SA",38,18,428,2,"RIL14",77,960.291455535771
"95","LD","SA",30,3,156,1,"RIL140",77,960.291455535771
"96","LD","SA",30,21,382,2,"RIL140",77,960.291455535771
"97","LD","SA",42,5,210,1,"RIL141",77,960.291455535771
"98","LD","SA",42,21,460,2,"RIL141",77,960.291455535771
"99","LD","SA",30,9,144,1,"RIL142",77,960.291455535771
"100","LD","SA",25,14,365,2,"RIL142",91,1111.52950614213
"101","LD","SA",6,3,36,1,"RIL143",77,960.291455535771
"102","LD","SA",34,20,418,2,"RIL143",77,960.291455535771
"103","LD","SA",38,7,188,1,"RIL144",77,960.291455535771
"104","LD","SA",45,19,465,2,"RIL144",77,960.291455535771
"105","LD","SA",9,1,41,1,"RIL145",77,960.291455535771
"106","LD","SA",18,17,332,2,"RIL145",77,960.291455535771
"107","LD","SA",2,5,10,1,"RIL146",70,884.477299169934
"108","LD","SA",5,19,265,2,"RIL146",70,884.477299169934
"109","LD","SA",30,4,154,1,"RIL147",84,1038.0575228229
"110","LD","SA",38,13,438,2,"RIL147",84,1038.0575228229
"111","LD","SA",18,7,94,1,"RIL148",77,960.291455535771
"112","LD","SA",1,17,251,2,"RIL148",84,1038.0575228229
"113","LD","SA",6,9,24,1,"RIL149",84,1038.0575228229
"114","LD","SA",46,19,466,2,"RIL149",70,884.477299169934
"115","LD","SA",5,10,21,1,"RIL15",77,960.291455535771
"116","LD","SA",46,16,472,2,"RIL15",77,960.291455535771
"117","LD","SA",25,5,129,1,"RIL150",98,1189.59619232065
"118","LD","SA",22,13,358,2,"RIL150",91,1111.52950614213
"119","LD","SA",41,3,205,1,"RIL151",77,960.291455535771
"120","LD","SA",34,15,408,2,"RIL151",77,960.291455535771
"121","LD","SA",22,8,106,1,"RIL152",77,960.291455535771
"122","LD","SA",2,18,254,2,"RIL152",84,1038.0575228229
"123","LD","SA",34,9,178,1,"RIL153",84,1038.0575228229
"124","LD","SA",37,15,433,2,"RIL153",91,1111.52950614213
"125","LD","SA",6,2,38,1,"RIL154",77,960.291455535771
"126","LD","SA",10,16,290,2,"RIL154",84,1038.0575228229
"127","LD","SA",18,5,90,1,"RIL155",77,960.291455535771
"128","LD","SA",9,12,281,2,"RIL155",84,1038.0575228229
"129","LD","SA",25,9,137,1,"RIL156",70,884.477299169934
"130","LD","SA",9,17,291,2,"RIL156",77,960.291455535771
"131","LD","SA",6,1,40,1,"RIL157",77,960.291455535771
"132","LD","SA",13,13,317,2,"RIL157",77,960.291455535771
"133","LD","SA",14,8,66,1,"RIL158",77,960.291455535771
"134","LD","SA",1,20,257,2,"RIL158",77,960.291455535771
"135","LD","SA",46,8,226,1,"RIL159",77,960.291455535771
"136","LD","SA",21,17,349,2,"RIL159",77,960.291455535771
"137","LD","SA",25,6,131,1,"RIL16",77,960.291455535771
"138","LD","SA",13,20,303,2,"RIL16",84,1038.0575228229
"139","LD","SA",6,7,28,1,"RIL160",77,960.291455535771
"140","LD","SA",26,12,362,2,"RIL160",84,1038.0575228229
"141","LD","SA",21,5,111,1,"RIL161",77,960.291455535771
"142","LD","SA",14,14,316,2,"RIL161",77,960.291455535771
"143","LD","SA",13,10,61,1,"RIL162",77,960.291455535771
"144","LD","SA",10,17,292,2,"RIL162",77,960.291455535771
"145","LD","SA",42,9,218,1,"RIL163",77,960.291455535771
"146","LD","SA",1,21,259,2,"RIL163",84,1038.0575228229
"147","LD","SA",10,4,48,1,"RIL164",77,960.291455535771
"148","LD","SA",9,15,287,2,"RIL164",84,1038.0575228229
"149","LD","SA",14,7,68,1,"RIL165",91,1111.52950614213
"150","LD","SA",1,12,241,2,"RIL165",84,1038.0575228229
"151","LD","SA",10,10,60,1,"RIL166",77,960.291455535771
"152","LD","SA",41,15,447,2,"RIL166",77,960.291455535771
"153","LD","SA",5,5,31,1,"RIL167",77,960.291455535771
"154","LD","SA",45,12,479,2,"RIL167",70,884.477299169934
"155","LD","SA",38,5,192,1,"RIL168",77,960.291455535771
"156","LD","SA",6,21,262,2,"RIL168",84,1038.0575228229
"157","LD","SA",1,9,17,1,"RIL169",70,884.477299169934
"158","LD","SA",42,16,450,2,"RIL169",77,960.291455535771
"159","LD","SA",21,9,103,1,"RIL17",77,960.291455535771
"160","LD","SA",45,16,471,2,"RIL17",77,960.291455535771
"161","LD","SA",10,1,42,1,"RIL170",77,960.291455535771
"162","LD","SA",33,19,415,2,"RIL170",77,960.291455535771
"163","LD","SA",18,2,84,1,"RIL171",98,1189.59619232065
"164","LD","SA",17,14,325,2,"RIL171",91,1111.52950614213
"165","LD","SA",10,3,46,1,"RIL172",77,960.291455535771
"166","LD","SA",34,19,416,2,"RIL172",77,960.291455535771
"167","LD","SA",18,1,82,1,"RIL173",77,960.291455535771
"168","LD","SA",33,13,403,2,"RIL173",77,960.291455535771
"169","LD","SA",13,6,69,1,"RIL174",84,1038.0575228229
"170","LD","SA",38,14,436,2,"RIL174",77,960.291455535771
"171","LD","SA",42,10,220,1,"RIL175",77,960.291455535771
"172","LD","SA",9,13,283,2,"RIL175",77,960.291455535771
"173","LD","SA",29,3,155,1,"RIL176",77,960.291455535771
"174","LD","SA",26,18,374,2,"RIL176",84,1038.0575228229
"175","LD","SA",45,9,223,1,"RIL177",77,960.291455535771
"176","LD","SA",25,17,371,2,"RIL177",77,960.291455535771
"177","LD","SA",25,2,123,1,"RIL178",77,960.291455535771
"178","LD","SA",46,15,474,2,"RIL178",77,960.291455535771
"179","LD","SA",21,8,105,1,"RIL179",77,960.291455535771
"180","LD","SA",17,15,327,2,"RIL179",77,960.291455535771
"181","LD","SA",2,4,8,1,"RIL18",77,960.291455535771
"182","LD","SA",30,17,390,2,"RIL18",77,960.291455535771
"183","LD","SA",22,4,114,1,"RIL180",77,960.291455535771
"184","LD","SA",17,19,335,2,"RIL180",77,960.291455535771
"185","LD","SA",21,4,113,1,"RIL181",77,960.291455535771
"186","LD","SA",37,12,439,2,"RIL181",70,884.477299169934
"187","LD","SA",22,1,120,1,"RIL182",84,1038.0575228229
"188","LD","SA",9,21,299,2,"RIL182",84,1038.0575228229
"189","LD","SA",42,3,206,1,"RIL183",77,960.291455535771
"190","LD","SA",10,19,296,2,"RIL183",84,1038.0575228229
"191","LD","SA",38,3,196,1,"RIL184",84,1038.0575228229
"192","LD","SA",13,12,319,2,"RIL184",91,1111.52950614213
"193","LD","SA",10,8,56,1,"RIL185",77,960.291455535771
"194","LD","SA",9,19,295,2,"RIL185",84,1038.0575228229
"195","LD","SA",13,1,79,1,"RIL186",77,960.291455535771
"196","LD","SA",41,20,457,2,"RIL186",77,960.291455535771
"197","LD","SA",17,3,85,1,"RIL187",91,1111.52950614213
"198","LD","SA",13,19,305,2,"RIL187",91,1111.52950614213
"199","LD","SA",5,4,33,1,"RIL188",77,960.291455535771
"200","LD","SA",10,21,300,2,"RIL188",77,960.291455535771
"201","LD","SA",34,3,166,1,"RIL189",77,960.291455535771
"202","LD","SA",30,19,386,2,"RIL189",77,960.291455535771
"203","LD","SA",45,6,229,1,"RIL19",77,960.291455535771
"204","LD","SA",41,13,443,2,"RIL19",77,960.291455535771
"205","LD","SA",14,6,70,1,"RIL190",70,884.477299169934
"206","LD","SA",25,13,363,2,"RIL190",70,884.477299169934
"207","LD","SA",22,9,104,1,"RIL191",77,960.291455535771
"208","LD","SA",46,13,478,2,"RIL191",77,960.291455535771
"209","LD","SA",22,3,116,1,"RIL192",77,960.291455535771
"210","LD","SA",34,14,406,2,"RIL192",91,1111.52950614213
"211","LD","SA",33,4,167,1,"RIL193",77,960.291455535771
"212","LD","SA",18,15,328,2,"RIL193",84,1038.0575228229
"213","LD","SA",29,6,149,1,"RIL194",77,960.291455535771
"214","LD","SA",25,18,373,2,"RIL194",70,884.477299169934
"215","LD","SA",10,5,50,1,"RIL195",77,960.291455535771
"216","LD","SA",21,15,353,2,"RIL195",77,960.291455535771
"217","LD","SA",33,5,169,1,"RIL196",77,960.291455535771
"218","LD","SA",9,16,289,2,"RIL196",84,1038.0575228229
"219","LD","SA",26,6,132,1,"RIL197",77,960.291455535771
"220","LD","SA",46,14,476,2,"RIL197",77,960.291455535771
"221","LD","SA",29,5,151,1,"RIL198",77,960.291455535771
"222","LD","SA",30,14,396,2,"RIL198",77,960.291455535771
"223","LD","SA",14,3,76,1,"RIL199",84,1038.0575228229
"224","LD","SA",38,21,422,2,"RIL199",77,960.291455535771
"225","LD","SA",13,7,67,1,"RIL2",77,960.291455535771
"226","LD","SA",41,18,453,2,"RIL2",77,960.291455535771
"227","LD","SA",34,7,174,1,"RIL20",84,1038.0575228229
"228","LD","SA",29,16,391,2,"RIL20",77,960.291455535771
"229","LD","SA",1,1,1,1,"RIL200",77,960.291455535771
"230","LD","SA",42,12,442,2,"RIL200",77,960.291455535771
"231","LD","SA",6,5,32,1,"RIL201",84,1038.0575228229
"232","LD","SA",6,18,268,2,"RIL201",84,1038.0575228229
"233","LD","SA",26,9,138,1,"RIL202",84,1038.0575228229
"234","LD","SA",21,18,347,2,"RIL202",91,1111.52950614213
"235","LD","SA",33,10,179,1,"RIL203",91,1111.52950614213
"236","LD","SA",45,21,461,2,"RIL203",91,1111.52950614213
"237","LD","SA",9,5,49,1,"RIL204",77,960.291455535771
"238","LD","SA",41,12,441,2,"RIL204",63,812.792239096947
"239","LD","SA",18,9,98,1,"RIL205",91,1111.52950614213
"240","LD","SA",26,20,378,2,"RIL205",77,960.291455535771
"241","LD","SA",25,4,127,1,"RIL206",77,960.291455535771
"242","LD","SA",18,21,340,2,"RIL206",77,960.291455535771
"243","LD","SA",17,5,89,1,"RIL207",91,1111.52950614213
"244","LD","SA",29,13,397,2,"RIL207",91,1111.52950614213
"245","LD","SA",18,3,86,1,"RIL208",77,960.291455535771
"246","LD","SA",6,15,274,2,"RIL208",77,960.291455535771
"247","LD","SA",1,3,5,1,"RIL21",77,960.291455535771
"248","LD","SA",18,19,336,2,"RIL21",84,1038.0575228229
"249","LD","SA",45,3,235,1,"RIL210",77,960.291455535771
"250","LD","SA",22,19,346,2,"RIL210",84,1038.0575228229
"251","LD","SA",38,4,194,1,"RIL211",77,960.291455535771
"252","LD","SA",45,20,463,2,"RIL211",84,1038.0575228229
"253","LD","SA",45,7,227,1,"RIL212",77,960.291455535771
"254","LD","SA",14,19,306,2,"RIL212",77,960.291455535771
"255","LD","SA",17,10,99,1,"RIL213",77,960.291455535771
"256","LD","SA",2,15,248,2,"RIL213",84,1038.0575228229
"257","LD","SA",41,4,207,1,"RIL214",77,960.291455535771
"258","LD","SA",18,16,330,2,"RIL214",84,1038.0575228229
"259","LD","SA",30,7,148,1,"RIL215",84,1038.0575228229
"260","LD","SA",29,20,383,2,"RIL215",70,884.477299169934
"261","LD","SA",33,1,161,1,"RIL216",77,960.291455535771
"262","LD","SA",33,21,419,2,"RIL216",77,960.291455535771
"263","LD","SA",38,6,190,1,"RIL217",77,960.291455535771
"264","LD","SA",38,15,434,2,"RIL217",77,960.291455535771
"265","LD","SA",29,7,147,1,"RIL218",84,1038.0575228229
"266","LD","SA",13,14,315,2,"RIL218",91,1111.52950614213
"267","LD","SA",1,6,11,1,"RIL219",77,960.291455535771
"268","LD","SA",22,18,348,2,"RIL219",77,960.291455535771
"269","LD","SA",9,7,53,1,"RIL22",91,1111.52950614213
"270","LD","SA",14,16,312,2,"RIL22",84,1038.0575228229
"271","LD","SA",37,2,197,1,"RIL220",77,960.291455535771
"272","LD","SA",1,18,253,2,"RIL220",77,960.291455535771
"273","LD","SA",5,7,27,1,"RIL221",84,1038.0575228229
"274","LD","SA",22,21,342,2,"RIL221",91,1111.52950614213
"275","LD","SA",46,4,234,1,"RIL222",91,1111.52950614213
"276","LD","SA",46,18,468,2,"RIL222",77,960.291455535771
"277","LD","SA",18,6,92,1,"RIL223",77,960.291455535771
"278","LD","SA",21,16,351,2,"RIL223",70,884.477299169934
"279","LD","SA",37,5,191,1,"RIL224",77,960.291455535771
"280","LD","SA",10,15,288,2,"RIL224",91,1111.52950614213
"281","LD","SA",21,1,119,1,"RIL225",77,960.291455535771
"282","LD","SA",1,15,247,2,"RIL225",77,960.291455535771
"283","LD","SA",14,2,78,1,"RIL226",77,960.291455535771
"284","LD","SA",13,17,309,2,"RIL226",77,960.291455535771
"285","LD","SA",42,8,216,1,"RIL227",77,960.291455535771
"286","LD","SA",29,14,395,2,"RIL227",77,960.291455535771
"287","LD","SA",41,10,219,1,"RIL228",70,884.477299169934
"288","LD","SA",14,13,318,2,"RIL228",70,884.477299169934
"289","LD","SA",38,2,198,1,"RIL229",77,960.291455535771
"290","LD","SA",30,12,400,2,"RIL229",84,1038.0575228229
"291","LD","SA",14,4,74,1,"RIL23",84,1038.0575228229
"292","LD","SA",41,19,455,2,"RIL23",77,960.291455535771
"293","LD","SA",10,7,54,1,"RIL230",77,960.291455535771
"294","LD","SA",30,18,388,2,"RIL230",77,960.291455535771
"295","LD","SA",26,4,128,1,"RIL231",77,960.291455535771
"296","LD","SA",34,12,402,2,"RIL231",84,1038.0575228229
"297","LD","SA",26,10,140,1,"RIL232",84,1038.0575228229
"298","LD","SA",17,17,331,2,"RIL232",77,960.291455535771
"299","LD","SA",25,7,133,1,"RIL233",77,960.291455535771
"300","LD","SA",30,15,394,2,"RIL233",77,960.291455535771
"301","LD","SA",25,8,135,1,"RIL234",84,1038.0575228229
"302","LD","SA",37,16,431,2,"RIL234",77,960.291455535771
"303","LD","SA",22,2,118,1,"RIL235",77,960.291455535771
"304","LD","SA",25,12,361,2,"RIL235",84,1038.0575228229
"305","LD","SA",5,6,29,1,"RIL236",77,960.291455535771
"306","LD","SA",21,14,355,2,"RIL236",91,1111.52950614213
"307","LD","SA",42,7,214,1,"RIL237",77,960.291455535771
"308","LD","SA",6,12,280,2,"RIL237",77,960.291455535771
"309","LD","SA",34,1,162,1,"RIL238",84,1038.0575228229
"310","LD","SA",29,17,389,2,"RIL238",77,960.291455535771
"311","LD","SA",45,8,225,1,"RIL239",91,1111.52950614213
"312","LD","SA",9,20,297,2,"RIL239",91,1111.52950614213
"313","LD","SA",9,8,55,1,"RIL24",77,960.291455535771
"314","LD","SA",10,18,294,2,"RIL24",84,1038.0575228229
"315","LD","SA",29,8,145,1,"RIL25",84,1038.0575228229
"316","LD","SA",26,15,368,2,"RIL25",77,960.291455535771
"317","LD","SA",42,1,202,1,"RIL26",77,960.291455535771
"318","LD","SA",42,18,454,2,"RIL26",77,960.291455535771
"319","LD","SA",34,5,170,1,"RIL27",84,1038.0575228229
"320","LD","SA",38,19,426,2,"RIL27",91,1111.52950614213
"321","LD","SA",46,2,238,1,"RIL28",70,884.477299169934
"322","LD","SA",13,21,301,2,"RIL28",77,960.291455535771
"323","LD","SA",37,1,199,1,"RIL29",77,960.291455535771
"324","LD","SA",21,21,341,2,"RIL29",77,960.291455535771
"325","LD","SA",29,4,153,1,"RIL3",77,960.291455535771
"326","LD","SA",13,16,311,2,"RIL3",84,1038.0575228229
"327","LD","SA",33,8,175,1,"RIL30",77,960.291455535771
"328","LD","SA",5,17,269,2,"RIL30",84,1038.0575228229
"329","LD","SA",25,1,121,1,"RIL31",77,960.291455535771
"330","LD","SA",37,20,423,2,"RIL31",77,960.291455535771
"331","LD","SA",2,10,20,1,"RIL32",77,960.291455535771
"332","LD","SA",26,19,376,2,"RIL32",91,1111.52950614213
"333","LD","SA",2,6,12,1,"RIL33",84,1038.0575228229
"334","LD","SA",46,21,462,2,"RIL33",91,1111.52950614213
"335","LD","SA",18,4,88,1,"RIL34",91,1111.52950614213
"336","LD","SA",25,16,369,2,"RIL34",77,960.291455535771
"337","LD","SA",10,9,58,1,"RIL35",77,960.291455535771
"338","LD","SA",14,17,310,2,"RIL35",91,1111.52950614213
"339","LD","SA",17,2,83,1,"RIL36",77,960.291455535771
"340","LD","SA",25,15,367,2,"RIL36",77,960.291455535771
"341","LD","SA",37,10,181,1,"RIL37",77,960.291455535771
"342","LD","SA",17,21,339,2,"RIL37",77,960.291455535771
"343","LD","SA",21,6,109,1,"RIL38",77,960.291455535771
"344","LD","SA",45,15,473,2,"RIL38",77,960.291455535771
"345","LD","SA",18,8,96,1,"RIL39",77,960.291455535771
"346","LD","SA",26,13,364,2,"RIL39",77,960.291455535771
"347","LD","SA",14,1,80,1,"RIL4",77,960.291455535771
"348","LD","SA",25,20,377,2,"RIL4",91,1111.52950614213
"349","LD","SA",21,2,117,1,"RIL40",77,960.291455535771
"350","LD","SA",29,12,399,2,"RIL40",77,960.291455535771
"351","LD","SA",17,9,97,1,"RIL41",70,884.477299169934
"352","LD","SA",30,20,384,2,"RIL41",91,1111.52950614213
"353","LD","SA",17,1,81,1,"RIL42",77,960.291455535771
"354","LD","SA",26,16,370,2,"RIL42",77,960.291455535771
"355","LD","SA",30,5,152,1,"RIL43",77,960.291455535771
"356","LD","SA",1,14,245,2,"RIL43",84,1038.0575228229
"357","LD","SA",5,3,35,1,"RIL44",77,960.291455535771
"358","LD","SA",1,13,243,2,"RIL44",77,960.291455535771
"359","LD","SA",46,1,240,1,"RIL45",77,960.291455535771
"360","LD","SA",45,17,469,2,"RIL45",70,884.477299169934
"361","LD","SA",29,10,141,1,"RIL46",77,960.291455535771
"362","LD","SA",37,18,427,2,"RIL46",84,1038.0575228229
"363","LD","SA",26,5,130,1,"RIL47",91,1111.52950614213
"364","LD","SA",29,21,381,2,"RIL47",77,960.291455535771
"365","LD","SA",41,8,215,1,"RIL48",70,884.477299169934
"366","LD","SA",33,16,409,2,"RIL48",70,884.477299169934
"367","LD","SA",22,6,110,1,"RIL49",77,960.291455535771
"368","LD","SA",18,14,326,2,"RIL49",84,1038.0575228229
"369","LD","SA",42,4,208,1,"RIL5",84,1038.0575228229
"370","LD","SA",6,13,278,2,"RIL5",91,1111.52950614213
"371","LD","SA",29,9,143,1,"RIL50",70,884.477299169934
"372","LD","SA",5,21,261,2,"RIL50",77,960.291455535771
"373","LD","SA",29,2,157,1,"RIL51",91,1111.52950614213
"374","LD","SA",34,17,412,2,"RIL51",91,1111.52950614213
"375","LD","SA",21,10,101,1,"RIL52",77,960.291455535771
"376","LD","SA",42,19,456,2,"RIL52",77,960.291455535771
"377","LD","SA",45,10,221,1,"RIL53",70,884.477299169934
"378","LD","SA",10,12,282,2,"RIL53",77,960.291455535771
"379","LD","SA",1,2,3,1,"RIL54",70,884.477299169934
"380","LD","SA",14,20,304,2,"RIL54",77,960.291455535771
"381","LD","SA",26,7,134,1,"RIL55",91,1111.52950614213
"382","LD","SA",26,21,380,2,"RIL55",91,1111.52950614213
"383","LD","SA",17,7,93,1,"RIL56",91,1111.52950614213
"384","LD","SA",14,21,302,2,"RIL56",91,1111.52950614213
"385","LD","SA",41,2,203,1,"RIL57",91,1111.52950614213
"386","LD","SA",45,13,477,2,"RIL57",91,1111.52950614213
"387","LD","SA",38,1,200,1,"RIL58",91,1111.52950614213
"388","LD","SA",2,17,252,2,"RIL58",91,1111.52950614213
"389","LD","SA",13,3,75,1,"RIL59",77,960.291455535771
"390","LD","SA",5,12,279,2,"RIL59",77,960.291455535771
"391","LD","SA",34,4,168,1,"RIL6",77,960.291455535771
"392","LD","SA",46,20,464,2,"RIL6",77,960.291455535771
"393","LD","SA",1,7,13,1,"RIL60",91,1111.52950614213
"394","LD","SA",42,14,446,2,"RIL60",91,1111.52950614213
"395","LD","SA",9,9,57,1,"RIL61",77,960.291455535771
"396","LD","SA",5,14,275,2,"RIL61",77,960.291455535771
"397","LD","SA",26,2,124,1,"RIL62",77,960.291455535771
"398","LD","SA",18,12,322,2,"RIL62",84,1038.0575228229
"399","LD","SA",42,6,212,1,"RIL64",77,960.291455535771
"400","LD","SA",5,13,277,2,"RIL64",77,960.291455535771
"401","LD","SA",1,10,19,1,"RIL65",77,960.291455535771
"402","LD","SA",41,16,449,2,"RIL65",63,812.792239096947
"403","LD","SA",33,7,173,1,"RIL66",77,960.291455535771
"404","LD","SA",42,13,444,2,"RIL66",77,960.291455535771
"405","LD","SA",5,2,37,1,"RIL67",77,960.291455535771
"406","LD","SA",18,18,334,2,"RIL67",91,1111.52950614213
"407","LD","SA",34,2,164,1,"RIL68",84,1038.0575228229
"408","LD","SA",33,17,411,2,"RIL68",91,1111.52950614213
"409","LD","SA",21,7,107,1,"RIL69",77,960.291455535771
"410","LD","SA",33,20,417,2,"RIL69",77,960.291455535771
"411","LD","SA",22,10,102,1,"RIL7",91,1111.52950614213
"412","LD","SA",6,20,264,2,"RIL7",98,1189.59619232065
"413","LD","SA",30,8,146,1,"RIL70",77,960.291455535771
"414","LD","SA",22,14,356,2,"RIL70",84,1038.0575228229
"415","LD","SA",6,10,22,1,"RIL71",77,960.291455535771
"416","LD","SA",21,20,343,2,"RIL71",77,960.291455535771
"417","LD","SA",13,8,65,1,"RIL72",84,1038.0575228229
"418","LD","SA",45,14,475,2,"RIL72",77,960.291455535771
"419","LD","SA",9,10,59,1,"RIL73",70,884.477299169934
"420","LD","SA",41,17,451,2,"RIL73",63,812.792239096947
"421","LD","SA",33,3,165,1,"RIL74",77,960.291455535771
"422","LD","SA",17,18,333,2,"RIL74",77,960.291455535771
"423","LD","SA",1,8,15,1,"RIL75",77,960.291455535771
"424","LD","SA",6,14,276,2,"RIL75",91,1111.52950614213
"425","LD","SA",25,10,139,1,"RIL76",77,960.291455535771
"426","LD","SA",2,12,242,2,"RIL76",84,1038.0575228229
"427","LD","SA",46,5,232,1,"RIL77",70,884.477299169934
"428","LD","SA",13,15,313,2,"RIL77",70,884.477299169934
"429","LD","SA",33,9,177,1,"RIL78",70,884.477299169934
"430","LD","SA",17,20,337,2,"RIL78",70,884.477299169934
"431","LD","SA",41,5,209,1,"RIL79",77,960.291455535771
"432","LD","SA",33,14,405,2,"RIL79",84,1038.0575228229
"433","LD","SA",37,4,193,1,"RIL8",77,960.291455535771
"434","LD","SA",2,20,258,2,"RIL8",77,960.291455535771
"435","LD","SA",17,6,91,1,"RIL80",91,1111.52950614213
"436","LD","SA",5,15,273,2,"RIL80",84,1038.0575228229
"437","LD","SA",14,10,62,1,"RIL81",77,960.291455535771
"438","LD","SA",17,13,323,2,"RIL81",84,1038.0575228229
"439","LD","SA",1,4,7,1,"RIL82",77,960.291455535771
"440","LD","SA",37,21,421,2,"RIL82",77,960.291455535771
"441","LD","SA",13,5,71,1,"RIL83",84,1038.0575228229
"442","LD","SA",37,14,435,2,"RIL83",77,960.291455535771
"443","LD","SA",9,3,45,1,"RIL84",77,960.291455535771
"444","LD","SA",46,17,470,2,"RIL84",77,960.291455535771
"445","LD","SA",5,8,25,1,"RIL85",77,960.291455535771
"446","LD","SA",9,18,293,2,"RIL85",77,960.291455535771
"447","LD","SA",30,6,150,1,"RIL86",77,960.291455535771
"448","LD","SA",26,17,372,2,"RIL86",70,884.477299169934
"449","LD","SA",46,3,236,1,"RIL87",91,1111.52950614213
"450","LD","SA",6,16,272,2,"RIL87",84,1038.0575228229
"451","LD","SA",34,10,180,1,"RIL88",91,1111.52950614213
"452","LD","SA",34,13,404,2,"RIL88",91,1111.52950614213
"453","LD","SA",37,3,195,1,"RIL89",70,884.477299169934
"454","LD","SA",17,12,321,2,"RIL89",77,960.291455535771
"455","LD","SA",37,8,185,1,"RIL9",91,1111.52950614213
"456","LD","SA",38,12,440,2,"RIL9",91,1111.52950614213
"457","LD","SA",26,1,122,1,"RIL90",77,960.291455535771
"458","LD","SA",22,16,352,2,"RIL90",77,960.291455535771
"459","LD","SA",37,9,183,1,"RIL91",77,960.291455535771
"460","LD","SA",18,13,324,2,"RIL91",84,1038.0575228229
"461","LD","SA",34,6,172,1,"RIL92",91,1111.52950614213
"462","LD","SA",14,18,308,2,"RIL92",91,1111.52950614213
"463","LD","SA",45,4,233,1,"RIL93",77,960.291455535771
"464","LD","SA",5,20,263,2,"RIL93",77,960.291455535771
"465","LD","SA",25,3,125,1,"RIL94",77,960.291455535771
"466","LD","SA",38,16,432,2,"RIL94",77,960.291455535771
"467","LD","SA",14,9,64,1,"RIL95",77,960.291455535771
"468","LD","SA",45,18,467,2,"RIL95",77,960.291455535771
"469","LD","SA",41,1,201,1,"RIL96",77,960.291455535771
"470","LD","SA",42,20,458,2,"RIL96",77,960.291455535771
"471","LD","SA",46,10,222,1,"RIL97",77,960.291455535771
"472","LD","SA",22,12,360,2,"RIL97",77,960.291455535771
"473","LD","SA",17,8,95,1,"RIL98",77,960.291455535771
"474","LD","SA",21,19,345,2,"RIL98",84,1038.0575228229
"475","LD","SA",10,2,44,1,"RIL99",84,1038.0575228229
"476","LD","SA",33,12,401,2,"RIL99",77,960.291455535771
"477","LD","DA",41,1,201,1,"Arm",72,878.584668509672
"478","LD","DA",13,17,309,2,"Arm",78,1012.73744628745
"479","LD","DA",33,9,177,1,"PI",64,734.858537497317
"480","LD","DA",29,12,399,2,"PI",64,734.858537497317
"481","LD","DA",21,1,119,1,"RIL1",72,878.584668509672
"482","LD","DA",34,18,414,2,"RIL1",78,1012.73744628745
"483","LD","DA",14,2,78,1,"RIL10",78,1012.73744628745
"484","LD","DA",21,19,345,2,"RIL10",78,1012.73744628745
"485","LD","DA",14,3,76,1,"RIL100",72,878.584668509672
"486","LD","DA",29,15,393,2,"RIL100",78,1012.73744628745
"487","LD","DA",9,1,41,1,"RIL101",72,878.584668509672
"488","LD","DA",37,20,423,2,"RIL101",78,1012.73744628745
"489","LD","DA",38,5,192,1,"RIL102",72,878.584668509672
"490","LD","DA",1,15,247,2,"RIL102",78,1012.73744628745
"491","LD","DA",10,9,58,1,"RIL103",72,878.584668509672
"492","LD","DA",6,21,262,2,"RIL103",72,878.584668509672
"493","LD","DA",38,8,186,1,"RIL104",72,878.584668509672
"494","LD","DA",2,15,248,2,"RIL104",72,878.584668509672
"495","LD","DA",37,6,189,1,"RIL105",78,1012.73744628745
"496","LD","DA",17,20,337,2,"RIL105",85,1140.82871612872
"497","LD","DA",6,4,34,1,"RIL107",64,734.858537497317
"498","LD","DA",25,21,379,2,"RIL107",72,878.584668509672
"499","LD","DA",5,8,25,1,"RIL108",78,1012.73744628745
"500","LD","DA",37,13,437,2,"RIL108",78,1012.73744628745
"501","LD","DA",34,1,162,1,"RIL109",78,1012.73744628745
"502","LD","DA",9,16,289,2,"RIL109",78,1012.73744628745
"503","LD","DA",5,9,23,1,"RIL11",64,734.858537497317
"504","LD","DA",29,19,385,2,"RIL11",72,878.584668509672
"505","LD","DA",26,5,130,1,"RIL110",64,734.858537497317
"506","LD","DA",42,16,450,2,"RIL110",64,734.858537497317
"507","LD","DA",6,1,40,1,"RIL111",64,734.858537497317
"508","LD","DA",2,12,242,2,"RIL111",72,878.584668509672
"509","LD","DA",6,3,36,1,"RIL112",64,734.858537497317
"510","LD","DA",6,17,270,2,"RIL112",64,734.858537497317
"511","LD","DA",34,8,176,1,"RIL113",72,878.584668509672
"512","LD","DA",1,13,243,2,"RIL113",72,878.584668509672
"513","LD","DA",46,2,238,1,"RIL114",78,1012.73744628745
"514","LD","DA",21,16,351,2,"RIL114",85,1140.82871612872
"515","LD","DA",41,9,217,1,"RIL115",64,734.858537497317
"516","LD","DA",13,12,319,2,"RIL115",64,734.858537497317
"517","LD","DA",26,4,128,1,"RIL116",64,734.858537497317
"518","LD","DA",10,19,296,2,"RIL116",64,734.858537497317
"519","LD","DA",30,3,156,1,"RIL117",64,734.858537497317
"520","LD","DA",17,16,329,2,"RIL117",72,878.584668509672
"521","LD","DA",29,7,147,1,"RIL118",64,734.858537497317
"522","LD","DA",29,20,383,2,"RIL118",72,878.584668509672
"523","LD","DA",22,10,102,1,"RIL119",64,734.858537497317
"524","LD","DA",14,15,314,2,"RIL119",72,878.584668509672
"525","LD","DA",13,7,67,1,"RIL12",64,734.858537497317
"526","LD","DA",46,12,480,2,"RIL12",64,734.858537497317
"527","LD","DA",25,9,137,1,"RIL120",78,1012.73744628745
"528","LD","DA",14,16,312,2,"RIL120",85,1140.82871612872
"529","LD","DA",46,7,228,1,"RIL121",72,878.584668509672
"530","LD","DA",21,12,359,2,"RIL121",72,878.584668509672
"531","LD","DA",6,6,30,1,"RIL122",64,734.858537497317
"532","LD","DA",33,18,413,2,"RIL122",64,734.858537497317
"533","LD","DA",5,2,37,1,"RIL123",78,1012.73744628745
"534","LD","DA",6,15,274,2,"RIL123",78,1012.73744628745
"535","LD","DA",17,7,93,1,"RIL124",78,1012.73744628745
"536","LD","DA",38,12,440,2,"RIL124",78,1012.73744628745
"537","LD","DA",5,5,31,1,"RIL125",72,878.584668509672
"538","LD","DA",30,15,394,2,"RIL125",72,878.584668509672
"539","LD","DA",17,3,85,1,"RIL126",85,1140.82871612872
"540","LD","DA",10,21,300,2,"RIL126",85,1140.82871612872
"541","LD","DA",9,5,49,1,"RIL127",72,878.584668509672
"542","LD","DA",34,19,416,2,"RIL127",72,878.584668509672
"543","LD","DA",37,4,193,1,"RIL128",64,734.858537497317
"544","LD","DA",46,20,464,2,"RIL128",64,734.858537497317
"545","LD","DA",13,8,65,1,"RIL129",72,878.584668509672
"546","LD","DA",26,18,374,2,"RIL129",64,734.858537497317
"547","LD","DA",46,1,240,1,"RIL13",78,1012.73744628745
"548","LD","DA",6,20,264,2,"RIL13",78,1012.73744628745
"549","LD","DA",10,7,54,1,"RIL130",78,1012.73744628745
"550","LD","DA",22,16,352,2,"RIL130",78,1012.73744628745
"551","LD","DA",42,3,206,1,"RIL131",85,1140.82871612872
"552","LD","DA",5,18,267,2,"RIL131",85,1140.82871612872
"553","LD","DA",18,19,336,2,"RIL132",72,878.584668509672
"554","LD","DA",14,4,74,1,"RIL133",64,734.858537497317
"555","LD","DA",21,15,353,2,"RIL133",72,878.584668509672
"556","LD","DA",17,2,83,1,"RIL134",64,734.858537497317
"557","LD","DA",26,20,378,2,"RIL134",72,878.584668509672
"558","LD","DA",37,1,199,1,"RIL135",72,878.584668509672
"559","LD","DA",37,16,431,2,"RIL135",72,878.584668509672
"560","LD","DA",14,7,68,1,"RIL136",64,734.858537497317
"561","LD","DA",21,18,347,2,"RIL136",64,734.858537497317
"562","LD","DA",33,10,179,1,"RIL137",78,1012.73744628745
"563","LD","DA",37,14,435,2,"RIL137",78,1012.73744628745
"564","LD","DA",14,1,80,1,"RIL138",72,878.584668509672
"565","LD","DA",46,14,476,2,"RIL138",64,734.858537497317
"566","LD","DA",21,8,105,1,"RIL139",64,734.858537497317
"567","LD","DA",46,21,462,2,"RIL139",64,734.858537497317
"568","LD","DA",1,4,7,1,"RIL14",64,734.858537497317
"569","LD","DA",10,18,294,2,"RIL14",64,734.858537497317
"570","LD","DA",42,10,220,1,"RIL140",72,878.584668509672
"571","LD","DA",34,17,412,2,"RIL140",64,734.858537497317
"572","LD","DA",30,8,146,1,"RIL141",72,878.584668509672
"573","LD","DA",21,20,343,2,"RIL141",72,878.584668509672
"574","LD","DA",9,3,45,1,"RIL142",78,1012.73744628745
"575","LD","DA",38,15,434,2,"RIL142",78,1012.73744628745
"576","LD","DA",9,7,53,1,"RIL143",64,734.858537497317
"577","LD","DA",42,17,452,2,"RIL143",64,734.858537497317
"578","LD","DA",45,2,237,1,"RIL144",72,878.584668509672
"579","LD","DA",26,19,376,2,"RIL144",78,1012.73744628745
"580","LD","DA",41,6,211,1,"RIL145",64,734.858537497317
"581","LD","DA",46,19,466,2,"RIL145",64,734.858537497317
"582","LD","DA",14,6,70,1,"RIL146",64,734.858537497317
"583","LD","DA",42,13,444,2,"RIL146",64,734.858537497317
"584","LD","DA",25,6,131,1,"RIL147",72,878.584668509672
"585","LD","DA",42,20,458,2,"RIL147",72,878.584668509672
"586","LD","DA",45,3,235,1,"RIL148",72,878.584668509672
"587","LD","DA",34,14,406,2,"RIL148",78,1012.73744628745
"588","LD","DA",34,6,172,1,"RIL149",64,734.858537497317
"589","LD","DA",42,14,446,2,"RIL149",64,734.858537497317
"590","LD","DA",18,6,92,1,"RIL15",72,878.584668509672
"591","LD","DA",38,18,428,2,"RIL15",64,734.858537497317
"592","LD","DA",33,2,163,1,"RIL150",78,1012.73744628745
"593","LD","DA",14,20,304,2,"RIL150",78,1012.73744628745
"594","LD","DA",41,2,203,1,"RIL151",64,734.858537497317
"595","LD","DA",1,18,253,2,"RIL151",72,878.584668509672
"596","LD","DA",45,9,223,1,"RIL152",72,878.584668509672
"597","LD","DA",9,14,285,2,"RIL152",78,1012.73744628745
"598","LD","DA",38,6,190,1,"RIL153",72,878.584668509672
"599","LD","DA",33,16,409,2,"RIL153",78,1012.73744628745
"600","LD","DA",22,2,118,1,"RIL154",64,734.858537497317
"601","LD","DA",46,16,472,2,"RIL154",64,734.858537497317
"602","LD","DA",13,1,79,1,"RIL155",64,734.858537497317
"603","LD","DA",33,17,411,2,"RIL155",64,734.858537497317
"604","LD","DA",30,5,152,1,"RIL156",64,734.858537497317
"605","LD","DA",9,19,295,2,"RIL156",64,734.858537497317
"606","LD","DA",22,9,104,1,"RIL157",72,878.584668509672
"607","LD","DA",38,21,422,2,"RIL157",72,878.584668509672
"608","LD","DA",26,10,140,1,"RIL158",64,734.858537497317
"609","LD","DA",17,12,321,2,"RIL158",64,734.858537497317
"610","LD","DA",41,4,207,1,"RIL159",72,878.584668509672
"611","LD","DA",14,13,318,2,"RIL159",72,878.584668509672
"612","LD","DA",25,7,133,1,"RIL16",72,878.584668509672
"613","LD","DA",10,20,298,2,"RIL16",72,878.584668509672
"614","LD","DA",38,9,184,1,"RIL160",72,878.584668509672
"615","LD","DA",21,17,349,2,"RIL160",78,1012.73744628745
"616","LD","DA",18,8,96,1,"RIL161",64,734.858537497317
"617","LD","DA",17,18,333,2,"RIL161",72,878.584668509672
"618","LD","DA",17,4,87,1,"RIL162",64,734.858537497317
"619","LD","DA",17,17,331,2,"RIL162",72,878.584668509672
"620","LD","DA",2,4,8,1,"RIL163",72,878.584668509672
"621","LD","DA",33,20,417,2,"RIL163",78,1012.73744628745
"622","LD","DA",5,4,33,1,"RIL164",72,878.584668509672
"623","LD","DA",41,21,459,2,"RIL164",78,1012.73744628745
"624","LD","DA",33,4,167,1,"RIL165",78,1012.73744628745
"625","LD","DA",25,13,363,2,"RIL165",78,1012.73744628745
"626","LD","DA",37,10,181,1,"RIL166",72,878.584668509672
"627","LD","DA",18,17,332,2,"RIL166",78,1012.73744628745
"628","LD","DA",6,10,22,1,"RIL167",64,734.858537497317
"629","LD","DA",6,13,278,2,"RIL167",64,734.858537497317
"630","LD","DA",34,2,164,1,"RIL168",78,1012.73744628745
"631","LD","DA",13,19,305,2,"RIL168",78,1012.73744628745
"632","LD","DA",45,4,233,1,"RIL169",72,878.584668509672
"633","LD","DA",25,19,375,2,"RIL169",78,1012.73744628745
"634","LD","DA",17,10,99,1,"RIL17",72,878.584668509672
"635","LD","DA",5,15,273,2,"RIL17",72,878.584668509672
"636","LD","DA",13,6,69,1,"RIL170",72,878.584668509672
"637","LD","DA",41,13,443,2,"RIL170",78,1012.73744628745
"638","LD","DA",33,3,165,1,"RIL171",92,1279.16716525381
"639","LD","DA",1,14,245,2,"RIL171",92,1279.16716525381
"640","LD","DA",18,10,100,1,"RIL172",72,878.584668509672
"641","LD","DA",29,21,381,2,"RIL172",72,878.584668509672
"642","LD","DA",41,7,213,1,"RIL173",64,734.858537497317
"643","LD","DA",18,18,334,2,"RIL173",64,734.858537497317
"644","LD","DA",42,7,214,1,"RIL174",72,878.584668509672
"645","LD","DA",30,16,392,2,"RIL174",72,878.584668509672
"646","LD","DA",30,6,150,1,"RIL175",64,734.858537497317
"647","LD","DA",26,16,370,2,"RIL175",72,878.584668509672
"648","LD","DA",33,5,169,1,"RIL176",64,734.858537497317
"649","LD","DA",25,18,373,2,"RIL176",64,734.858537497317
"650","LD","DA",2,10,20,1,"RIL177",64,734.858537497317
"651","LD","DA",41,14,445,2,"RIL177",64,734.858537497317
"652","LD","DA",41,10,219,1,"RIL178",64,734.858537497317
"653","LD","DA",38,13,438,2,"RIL178",64,734.858537497317
"654","LD","DA",34,4,168,1,"RIL179",72,878.584668509672
"655","LD","DA",37,21,421,2,"RIL179",72,878.584668509672
"656","LD","DA",37,9,183,1,"RIL18",64,734.858537497317
"657","LD","DA",34,15,408,2,"RIL18",64,734.858537497317
"658","LD","DA",46,8,226,1,"RIL180",72,878.584668509672
"659","LD","DA",41,12,441,2,"RIL180",72,878.584668509672
"660","LD","DA",1,8,15,1,"RIL181",64,734.858537497317
"661","LD","DA",37,15,433,2,"RIL181",72,878.584668509672
"662","LD","DA",17,1,81,1,"RIL182",72,878.584668509672
"663","LD","DA",38,16,432,2,"RIL182",72,878.584668509672
"664","LD","DA",17,5,89,1,"RIL183",72,878.584668509672
"665","LD","DA",14,14,316,2,"RIL183",78,1012.73744628745
"666","LD","DA",42,6,212,1,"RIL184",72,878.584668509672
"667","LD","DA",2,21,260,2,"RIL184",78,1012.73744628745
"668","LD","DA",6,8,26,1,"RIL185",64,734.858537497317
"669","LD","DA",30,19,386,2,"RIL185",72,878.584668509672
"670","LD","DA",38,10,182,1,"RIL186",72,878.584668509672
"671","LD","DA",42,21,460,2,"RIL186",72,878.584668509672
"672","LD","DA",41,8,215,1,"RIL187",78,1012.73744628745
"673","LD","DA",26,17,372,2,"RIL187",78,1012.73744628745
"674","LD","DA",9,18,293,2,"RIL188",64,734.858537497317
"675","LD","DA",13,3,75,1,"RIL189",64,734.858537497317
"676","LD","DA",38,14,436,2,"RIL189",72,878.584668509672
"677","LD","DA",38,2,198,1,"RIL19",72,878.584668509672
"678","LD","DA",30,12,400,2,"RIL19",72,878.584668509672
"679","LD","DA",2,3,6,1,"RIL190",64,734.858537497317
"680","LD","DA",29,18,387,2,"RIL190",64,734.858537497317
"681","LD","DA",25,8,135,1,"RIL191",64,734.858537497317
"682","LD","DA",34,13,404,2,"RIL191",72,878.584668509672
"683","LD","DA",13,10,61,1,"RIL192",72,878.584668509672
"684","LD","DA",25,15,367,2,"RIL192",78,1012.73744628745
"685","LD","DA",45,21,461,2,"RIL193",72,878.584668509672
"686","LD","DA",29,6,149,1,"RIL194",72,878.584668509672
"687","LD","DA",42,12,442,2,"RIL194",72,878.584668509672
"688","LD","DA",9,2,43,1,"RIL195",72,878.584668509672
"689","LD","DA",41,20,457,2,"RIL195",72,878.584668509672
"690","LD","DA",26,1,122,1,"RIL196",72,878.584668509672
"691","LD","DA",37,12,439,2,"RIL196",78,1012.73744628745
"692","LD","DA",9,9,57,1,"RIL197",72,878.584668509672
"693","LD","DA",2,14,246,2,"RIL197",72,878.584668509672
"694","LD","DA",21,9,103,1,"RIL198",72,878.584668509672
"695","LD","DA",37,17,429,2,"RIL198",78,1012.73744628745
"696","LD","DA",26,7,134,1,"RIL199",78,1012.73744628745
"697","LD","DA",42,19,456,2,"RIL199",72,878.584668509672
"698","LD","DA",22,3,116,1,"RIL2",72,878.584668509672
"699","LD","DA",17,15,327,2,"RIL2",78,1012.73744628745
"700","LD","DA",25,5,129,1,"RIL20",72,878.584668509672
"701","LD","DA",29,13,397,2,"RIL20",78,1012.73744628745
"702","LD","DA",37,8,185,1,"RIL200",72,878.584668509672
"703","LD","DA",34,20,418,2,"RIL200",72,878.584668509672
"704","LD","DA",30,1,160,1,"RIL201",72,878.584668509672
"705","LD","DA",9,17,291,2,"RIL201",72,878.584668509672
"706","LD","DA",17,8,95,1,"RIL202",78,1012.73744628745
"707","LD","DA",30,13,398,2,"RIL202",85,1140.82871612872
"708","LD","DA",2,2,4,1,"RIL203",78,1012.73744628745
"709","LD","DA",22,17,350,2,"RIL203",78,1012.73744628745
"710","LD","DA",21,6,109,1,"RIL204",64,734.858537497317
"711","LD","DA",45,15,473,2,"RIL204",64,734.858537497317
"712","LD","DA",25,2,123,1,"RIL205",78,1012.73744628745
"713","LD","DA",2,20,258,2,"RIL205",78,1012.73744628745
"714","LD","DA",21,10,101,1,"RIL206",64,734.858537497317
"715","LD","DA",30,21,382,2,"RIL206",64,734.858537497317
"716","LD","DA",46,4,234,1,"RIL207",72,878.584668509672
"717","LD","DA",18,14,326,2,"RIL207",78,1012.73744628745
"718","LD","DA",46,5,232,1,"RIL208",72,878.584668509672
"719","LD","DA",29,16,391,2,"RIL208",72,878.584668509672
"720","LD","DA",37,3,195,1,"RIL21",72,878.584668509672
"721","LD","DA",10,12,282,2,"RIL21",78,1012.73744628745
"722","LD","DA",42,9,218,1,"RIL210",72,878.584668509672
"723","LD","DA",25,20,377,2,"RIL210",78,1012.73744628745
"724","LD","DA",42,5,210,1,"RIL211",64,734.858537497317
"725","LD","DA",29,17,389,2,"RIL211",72,878.584668509672
"726","LD","DA",29,5,151,1,"RIL212",72,878.584668509672
"727","LD","DA",38,20,424,2,"RIL212",78,1012.73744628745
"728","LD","DA",46,9,224,1,"RIL213",72,878.584668509672
"729","LD","DA",22,14,356,2,"RIL213",78,1012.73744628745
"730","LD","DA",1,2,3,1,"RIL214",64,734.858537497317
"731","LD","DA",10,15,288,2,"RIL214",72,878.584668509672
"732","LD","DA",9,4,47,1,"RIL215",78,1012.73744628745
"733","LD","DA",5,12,279,2,"RIL215",85,1140.82871612872
"734","LD","DA",34,7,174,1,"RIL216",72,878.584668509672
"735","LD","DA",18,12,322,2,"RIL216",72,878.584668509672
"736","LD","DA",25,1,121,1,"RIL217",72,878.584668509672
"737","LD","DA",5,20,263,2,"RIL217",72,878.584668509672
"738","LD","DA",37,7,187,1,"RIL218",72,878.584668509672
"739","LD","DA",1,16,249,2,"RIL218",78,1012.73744628745
"740","LD","DA",22,5,112,1,"RIL219",72,878.584668509672
"741","LD","DA",33,13,403,2,"RIL219",72,878.584668509672
"742","LD","DA",30,9,144,1,"RIL22",78,1012.73744628745
"743","LD","DA",17,21,339,2,"RIL22",78,1012.73744628745
"744","LD","DA",30,4,154,1,"RIL220",72,878.584668509672
"745","LD","DA",30,14,396,2,"RIL220",72,878.584668509672
"746","LD","DA",18,3,86,1,"RIL221",78,1012.73744628745
"747","LD","DA",6,18,268,2,"RIL221",78,1012.73744628745
"748","LD","DA",29,4,153,1,"RIL222",78,1012.73744628745
"749","LD","DA",21,21,341,2,"RIL222",85,1140.82871612872
"750","LD","DA",2,8,16,1,"RIL223",64,734.858537497317
"751","LD","DA",30,20,384,2,"RIL223",64,734.858537497317
"752","LD","DA",6,5,32,1,"RIL224",72,878.584668509672
"753","LD","DA",17,14,325,2,"RIL224",78,1012.73744628745
"754","LD","DA",10,8,56,1,"RIL225",64,734.858537497317
"755","LD","DA",13,16,311,2,"RIL225",72,878.584668509672
"756","LD","DA",46,6,230,1,"RIL226",72,878.584668509672
"757","LD","DA",22,21,342,2,"RIL226",72,878.584668509672
"758","LD","DA",5,1,39,1,"RIL227",64,734.858537497317
"759","LD","DA",2,16,250,2,"RIL227",64,734.858537497317
"760","LD","DA",46,10,222,1,"RIL228",64,734.858537497317
"761","LD","DA",45,18,467,2,"RIL228",64,734.858537497317
"762","LD","DA",25,3,125,1,"RIL229",72,878.584668509672
"763","LD","DA",25,12,361,2,"RIL229",78,1012.73744628745
"764","LD","DA",18,5,90,1,"RIL23",64,734.858537497317
"765","LD","DA",14,21,302,2,"RIL23",64,734.858537497317
"766","LD","DA",1,5,9,1,"RIL230",64,734.858537497317
"767","LD","DA",37,18,427,2,"RIL230",64,734.858537497317
"768","LD","DA",17,6,91,1,"RIL231",64,734.858537497317
"769","LD","DA",18,21,340,2,"RIL231",64,734.858537497317
"770","LD","DA",9,10,59,1,"RIL232",78,1012.73744628745
"771","LD","DA",41,15,447,2,"RIL232",72,878.584668509672
"772","LD","DA",10,4,48,1,"RIL233",64,734.858537497317
"773","LD","DA",18,16,330,2,"RIL233",64,734.858537497317
"774","LD","DA",29,8,145,1,"RIL234",72,878.584668509672
"775","LD","DA",18,15,328,2,"RIL234",78,1012.73744628745
"776","LD","DA",14,8,66,1,"RIL235",64,734.858537497317
"777","LD","DA",13,20,303,2,"RIL235",72,878.584668509672
"778","LD","DA",22,1,120,1,"RIL236",78,1012.73744628745
"779","LD","DA",42,15,448,2,"RIL236",78,1012.73744628745
"780","LD","DA",18,9,98,1,"RIL237",72,878.584668509672
"781","LD","DA",9,21,299,2,"RIL237",72,878.584668509672
"782","LD","DA",33,7,173,1,"RIL238",78,1012.73744628745
"783","LD","DA",38,17,430,2,"RIL238",72,878.584668509672
"784","LD","DA",45,1,239,1,"RIL239",85,1140.82871612872
"785","LD","DA",33,14,405,2,"RIL239",78,1012.73744628745
"786","LD","DA",29,1,159,1,"RIL24",78,1012.73744628745
"787","LD","DA",25,16,369,2,"RIL24",78,1012.73744628745
"788","LD","DA",29,9,143,1,"RIL25",72,878.584668509672
"789","LD","DA",46,17,470,2,"RIL25",64,734.858537497317
"790","LD","DA",37,5,191,1,"RIL26",72,878.584668509672
"791","LD","DA",9,20,297,2,"RIL26",72,878.584668509672
"792","LD","DA",33,1,161,1,"RIL27",78,1012.73744628745
"793","LD","DA",46,13,478,2,"RIL27",78,1012.73744628745
"794","LD","DA",25,10,139,1,"RIL28",64,734.858537497317
"795","LD","DA",9,12,281,2,"RIL28",64,734.858537497317
"796","LD","DA",2,1,2,1,"RIL29",72,878.584668509672
"797","LD","DA",1,21,259,2,"RIL29",72,878.584668509672
"798","LD","DA",13,5,71,1,"RIL3",64,734.858537497317
"799","LD","DA",2,18,254,2,"RIL3",78,1012.73744628745
"800","LD","DA",26,8,136,1,"RIL30",64,734.858537497317
"801","LD","DA",5,19,265,2,"RIL30",64,734.858537497317
"802","LD","DA",42,4,208,1,"RIL31",72,878.584668509672
"803","LD","DA",30,18,388,2,"RIL31",78,1012.73744628745
"804","LD","DA",33,8,175,1,"RIL32",78,1012.73744628745
"805","LD","DA",9,15,287,2,"RIL32",85,1140.82871612872
"806","LD","DA",38,7,188,1,"RIL33",72,878.584668509672
"807","LD","DA",26,15,368,2,"RIL33",78,1012.73744628745
"808","LD","DA",26,2,124,1,"RIL34",72,878.584668509672
"809","LD","DA",6,19,266,2,"RIL34",78,1012.73744628745
"810","LD","DA",38,4,194,1,"RIL35",72,878.584668509672
"811","LD","DA",45,14,475,2,"RIL35",72,878.584668509672
"812","LD","DA",10,6,52,1,"RIL36",64,734.858537497317
"813","LD","DA",45,20,463,2,"RIL36",72,878.584668509672
"814","LD","DA",26,6,132,1,"RIL37",64,734.858537497317
"815","LD","DA",26,21,380,2,"RIL37",72,878.584668509672
"816","LD","DA",10,2,44,1,"RIL38",78,1012.73744628745
"817","LD","DA",33,15,407,2,"RIL38",78,1012.73744628745
"818","LD","DA",6,9,24,1,"RIL39",64,734.858537497317
"819","LD","DA",1,20,257,2,"RIL39",78,1012.73744628745
"820","LD","DA",26,9,138,1,"RIL4",72,878.584668509672
"821","LD","DA",5,13,277,2,"RIL4",72,878.584668509672
"822","LD","DA",18,4,88,1,"RIL40",72,878.584668509672
"823","LD","DA",17,19,335,2,"RIL40",72,878.584668509672
"824","LD","DA",5,10,21,1,"RIL41",64,734.858537497317
"825","LD","DA",25,14,365,2,"RIL41",64,734.858537497317
"826","LD","DA",26,3,126,1,"RIL42",64,734.858537497317
"827","LD","DA",33,12,401,2,"RIL42",78,1012.73744628745
"828","LD","DA",9,6,51,1,"RIL43",64,734.858537497317
"829","LD","DA",14,18,308,2,"RIL43",64,734.858537497317
"830","LD","DA",5,7,27,1,"RIL44",72,878.584668509672
"831","LD","DA",26,14,366,2,"RIL44",72,878.584668509672
"832","LD","DA",42,2,204,1,"RIL45",64,734.858537497317
"833","LD","DA",21,14,355,2,"RIL45",72,878.584668509672
"834","LD","DA",10,1,42,1,"RIL46",72,878.584668509672
"835","LD","DA",34,21,420,2,"RIL46",72,878.584668509672
"836","LD","DA",34,3,166,1,"RIL47",72,878.584668509672
"837","LD","DA",2,17,252,2,"RIL47",72,878.584668509672
"838","LD","DA",9,8,55,1,"RIL48",64,734.858537497317
"839","LD","DA",41,17,451,2,"RIL48",64,734.858537497317
"840","LD","DA",2,6,12,1,"RIL49",72,878.584668509672
"841","LD","DA",38,19,426,2,"RIL49",78,1012.73744628745
"842","LD","DA",45,8,225,1,"RIL5",64,734.858537497317
"843","LD","DA",41,19,455,2,"RIL5",72,878.584668509672
"844","LD","DA",30,7,148,1,"RIL50",64,734.858537497317
"845","LD","DA",13,21,301,2,"RIL50",64,734.858537497317
"846","LD","DA",1,1,1,1,"RIL51",78,1012.73744628745
"847","LD","DA",46,15,474,2,"RIL51",78,1012.73744628745
"848","LD","DA",22,7,108,1,"RIL52",72,878.584668509672
"849","LD","DA",6,16,272,2,"RIL52",72,878.584668509672
"850","LD","DA",5,6,29,1,"RIL53",72,878.584668509672
"851","LD","DA",22,18,348,2,"RIL53",72,878.584668509672
"852","LD","DA",41,3,205,1,"RIL54",64,734.858537497317
"853","LD","DA",45,16,471,2,"RIL54",64,734.858537497317
"854","LD","DA",34,9,178,1,"RIL55",78,1012.73744628745
"855","LD","DA",46,18,468,2,"RIL55",64,734.858537497317
"856","LD","DA",13,4,73,1,"RIL56",72,878.584668509672
"857","LD","DA",10,16,290,2,"RIL56",78,1012.73744628745
"858","LD","DA",45,5,231,1,"RIL57",72,878.584668509672
"859","LD","DA",9,13,283,2,"RIL57",78,1012.73744628745
"860","LD","DA",42,1,202,1,"RIL58",72,878.584668509672
"861","LD","DA",22,20,344,2,"RIL58",78,1012.73744628745
"862","LD","DA",29,3,155,1,"RIL59",64,734.858537497317
"863","LD","DA",22,15,354,2,"RIL59",72,878.584668509672
"864","LD","DA",25,4,127,1,"RIL6",72,878.584668509672
"865","LD","DA",22,12,360,2,"RIL6",72,878.584668509672
"866","LD","DA",45,10,221,1,"RIL60",78,1012.73744628745
"867","LD","DA",33,19,415,2,"RIL60",85,1140.82871612872
"868","LD","DA",22,4,114,1,"RIL61",64,734.858537497317
"869","LD","DA",33,21,419,2,"RIL61",72,878.584668509672
"870","LD","DA",34,10,180,1,"RIL62",72,878.584668509672
"871","LD","DA",41,18,453,2,"RIL62",78,1012.73744628745
"872","LD","DA",45,7,227,1,"RIL64",64,734.858537497317
"873","LD","DA",13,14,315,2,"RIL64",64,734.858537497317
"874","LD","DA",42,8,216,1,"RIL65",64,734.858537497317
"875","LD","DA",45,19,465,2,"RIL65",64,734.858537497317
"876","LD","DA",10,3,46,1,"RIL66",72,878.584668509672
"877","LD","DA",34,12,402,2,"RIL66",64,734.858537497317
"878","LD","DA",30,2,158,1,"RIL67",64,734.858537497317
"879","LD","DA",6,14,276,2,"RIL67",64,734.858537497317
"880","LD","DA",1,6,11,1,"RIL68",78,1012.73744628745
"881","LD","DA",5,16,271,2,"RIL68",78,1012.73744628745
"882","LD","DA",21,4,113,1,"RIL69",64,734.858537497317
"883","LD","DA",2,13,244,2,"RIL69",72,878.584668509672
"884","LD","DA",6,7,28,1,"RIL7",78,1012.73744628745
"885","LD","DA",45,13,477,2,"RIL7",78,1012.73744628745
"886","LD","DA",38,1,200,1,"RIL70",64,734.858537497317
"887","LD","DA",26,13,364,2,"RIL70",64,734.858537497317
"888","LD","DA",22,6,110,1,"RIL71",64,734.858537497317
"889","LD","DA",37,19,425,2,"RIL71",64,734.858537497317
"890","LD","DA",17,9,97,1,"RIL72",72,878.584668509672
"891","LD","DA",34,16,410,2,"RIL72",78,1012.73744628745
"892","LD","DA",21,2,117,1,"RIL73",64,734.858537497317
"893","LD","DA",29,14,395,2,"RIL73",64,734.858537497317
"894","LD","DA",41,5,209,1,"RIL74",64,734.858537497317
"895","LD","DA",10,13,284,2,"RIL74",72,878.584668509672
"896","LD","DA",30,10,142,1,"RIL75",78,1012.73744628745
"897","LD","DA",45,12,479,2,"RIL75",64,734.858537497317
"898","LD","DA",18,7,94,1,"RIL77",64,734.858537497317
"899","LD","DA",22,13,358,2,"RIL77",64,734.858537497317
"900","LD","DA",37,2,197,1,"RIL78",64,734.858537497317
"901","LD","DA",14,12,320,2,"RIL78",72,878.584668509672
"902","LD","DA",1,10,19,1,"RIL79",72,878.584668509672
"903","LD","DA",22,19,346,2,"RIL79",78,1012.73744628745
"904","LD","DA",22,8,106,1,"RIL8",64,734.858537497317
"905","LD","DA",10,14,286,2,"RIL8",64,734.858537497317
"906","LD","DA",1,7,13,1,"RIL80",72,878.584668509672
"907","LD","DA",42,18,454,2,"RIL80",64,734.858537497317
"908","LD","DA",2,7,14,1,"RIL81",72,878.584668509672
"909","LD","DA",17,13,323,2,"RIL81",72,878.584668509672
"910","LD","DA",21,3,115,1,"RIL82",64,734.858537497317
"911","LD","DA",5,21,261,2,"RIL82",64,734.858537497317
"912","LD","DA",34,5,170,1,"RIL83",72,878.584668509672
"913","LD","DA",10,17,292,2,"RIL83",72,878.584668509672
"914","LD","DA",14,10,62,1,"RIL84",72,878.584668509672
"915","LD","DA",45,17,469,2,"RIL84",64,734.858537497317
"916","LD","DA",14,5,72,1,"RIL85",72,878.584668509672
"917","LD","DA",1,19,255,2,"RIL85",72,878.584668509672
"918","LD","DA",1,9,17,1,"RIL86",72,878.584668509672
"919","LD","DA",18,20,338,2,"RIL86",64,734.858537497317
"920","LD","DA",21,5,111,1,"RIL87",64,734.858537497317
"921","LD","DA",25,17,371,2,"RIL87",64,734.858537497317
"922","LD","DA",10,10,60,1,"RIL88",92,1279.16716525381
"923","LD","DA",13,18,307,2,"RIL88",78,1012.73744628745
"924","LD","DA",33,6,171,1,"RIL89",64,734.858537497317
"925","LD","DA",5,17,269,2,"RIL89",64,734.858537497317
"926","LD","DA",46,3,236,1,"RIL9",72,878.584668509672
"927","LD","DA",21,13,357,2,"RIL9",78,1012.73744628745
"928","LD","DA",29,10,141,1,"RIL90",72,878.584668509672
"929","LD","DA",18,13,324,2,"RIL90",72,878.584668509672
"930","LD","DA",18,2,84,1,"RIL91",72,878.584668509672
"931","LD","DA",26,12,362,2,"RIL91",72,878.584668509672
"932","LD","DA",45,6,229,1,"RIL92",78,1012.73744628745
"933","LD","DA",2,19,256,2,"RIL92",78,1012.73744628745
"934","LD","DA",5,3,35,1,"RIL93",72,878.584668509672
"935","LD","DA",6,12,280,2,"RIL93",78,1012.73744628745
"936","LD","DA",21,7,107,1,"RIL94",64,734.858537497317
"937","LD","DA",30,17,390,2,"RIL94",72,878.584668509672
"938","LD","DA",13,2,77,1,"RIL95",64,734.858537497317
"939","LD","DA",14,19,306,2,"RIL95",72,878.584668509672
"940","LD","DA",13,9,63,1,"RIL96",64,734.858537497317
"941","LD","DA",13,15,313,2,"RIL96",64,734.858537497317
"942","LD","DA",38,3,196,1,"RIL97",64,734.858537497317
"943","LD","DA",14,17,310,2,"RIL97",72,878.584668509672
"944","LD","DA",29,2,157,1,"RIL98",78,1012.73744628745
"945","LD","DA",41,16,449,2,"RIL98",78,1012.73744628745
"946","LD","DA",1,3,5,1,"RIL99",72,878.584668509672
"947","LD","DA",1,17,251,2,"RIL99",78,1012.73744628745
